﻿<?xml version="1.0" encoding="utf-8"?>
<publishData>
  <publishProfile publishUrl="C:\Users\User\Desktop\Karobar20141017" deleteExistingFiles="False" ftpAnonymousLogin="False" ftpPassiveMode="True" msdeploySite="" msdeploySiteID="" msdeployRemoteSitePhysicalPath="" msdeployAllowUntrustedCertificate="False" msdeploySkipExtraFilesOnServer="True" msdeployMarkAsApp="False" profileName="Profile1" publishMethod="FileSystem" replaceMatchingFiles="True" userName="" savePWD="False" userPWD="" SelectedForPublish="True">
    <file relUrl="CMS/1/Images/index_22.jpg" publishTime="06/06/2013 20:30:00" />
    <file relUrl="CMS/1/Images/footer_bg.gif" publishTime="06/06/2013 20:29:58" />
    <file relUrl="Modules/Karobar/Product/GenericSaleProductRow.ascx" publishTime="10/17/2014 11:07:59" />
    <file relUrl="images/images_1.jpg" publishTime="06/06/2013 20:29:58" />
    <file relUrl="images/index_20.jpg" publishTime="06/06/2013 20:30:00" />
    <file relUrl="Modules/Karobar/Product/PurchaseProduct.aspx" publishTime="10/17/2014 11:13:32" />
    <file relUrl="images/Calendar/left.gif" publishTime="06/14/2014 23:10:47" />
    <file relUrl="Admin/Login.aspx" publishTime="03/22/2014 14:45:02" />
    <file relUrl="MasterPage4Others.Master" publishTime="10/17/2014 15:18:49" />
    <file relUrl="CMS/1/Images/downarrow.png" publishTime="05/25/2014 16:42:57" />
    <file relUrl="Scripts/HTMLEditor/_help/tests/issue214-cg.html" publishTime="04/05/2013 01:35:52" />
    <file relUrl="Scripts/JquerySlider/jquery.js" publishTime="03/28/2014 18:40:52" />
    <file relUrl="Scripts/HTMLEditor/_help/lib/ui/jquery.ui.datepicker.js" publishTime="04/05/2013 01:35:50" />
    <file relUrl="images/pic_2.jpg" publishTime="06/06/2013 20:30:01" />
    <file relUrl="Scripts/HTMLEditor/_help/examples/09-css-autoloading.html" publishTime="04/05/2013 01:35:48" />
    <file relUrl="images/spacer.gif" publishTime="06/06/2013 20:30:04" />
    <file relUrl="images/index_09.jpg" publishTime="06/06/2013 20:29:59" />
    <file relUrl="Modules/Karobar/Transaction/GenericBankVoucherRow.ascx" publishTime="10/17/2014 10:59:33" />
    <file relUrl="Scripts/HTMLEditor/_help/lib/ui/jquery.ui.accordion.css" publishTime="04/05/2013 01:35:50" />
    <file relUrl="WebService/WebsiteArticles.asmx" publishTime="10/13/2013 18:31:29" />
    <file relUrl="CMS/1/Styles/Menustyle.css" publishTime="09/24/2014 22:46:36" />
    <file relUrl="Scripts/HTMLEditor/_help/lib/x.png" publishTime="04/05/2013 01:35:51" />
    <file relUrl="CMS/1/Images/index_02.jpg" publishTime="06/06/2013 20:29:59" />
    <file relUrl="images/index_29.jpg" publishTime="06/06/2013 20:30:00" />
    <file relUrl="images/pic_6.jpg" publishTime="06/06/2013 20:30:01" />
    <file relUrl="CMS/1/Images/userpic.gif" publishTime="06/06/2013 20:30:06" />
    <file relUrl="Scripts/HTMLEditor/i18n/lang.de.js" publishTime="04/05/2013 01:35:45" />
    <file relUrl="images/menu_hover.gif" publishTime="06/06/2013 20:30:01" />
    <file relUrl="Scripts/HTMLEditor/_help/lib/ui/jquery.ui.theme.css" publishTime="04/05/2013 01:35:51" />
    <file relUrl="Scripts/HTMLEditor/plugins/wysiwyg.fullscreen.js" publishTime="04/05/2013 01:35:46" />
    <file relUrl="Modules/Upload.aspx" publishTime="04/20/2014 00:38:47" />
    <file relUrl="CMS/1/Images/index_19.jpg" publishTime="06/06/2013 20:29:59" />
    <file relUrl="Modules/Karobar/Reports/TransactionDetails.aspx" publishTime="10/11/2014 13:11:06" />
    <file relUrl="Scripts/HTMLEditor/_help/tests/images/quote02.gif" publishTime="04/05/2013 01:35:52" />
    <file relUrl="CMS/1/Images/index_06.jpg" publishTime="06/06/2013 20:29:59" />
    <file relUrl="Scripts/JquerySlider/jquery.cycle.all.min.js" publishTime="03/15/2014 14:42:45" />
    <file relUrl="Admin/Polling/PollingManager.ascx" publishTime="10/26/2013 13:24:05" />
    <file relUrl="WebService/Ticket.asmx" publishTime="03/24/2014 23:05:06" />
    <file relUrl="Scripts/HTMLEditor/_help/lib/ui/jquery.ui.button.css" publishTime="04/05/2013 01:35:50" />
    <file relUrl="CMS/1/Templates/Dashboard_-_Sale_Report.tmpl.htm" publishTime="09/27/2014 22:10:23" />
    <file relUrl="Scripts/HTMLEditor/_help/lib/ui/jquery.ui.autocomplete.css" publishTime="04/05/2013 01:35:50" />
    <file relUrl="Scripts/HTMLEditor/i18n/lang.fr.js" publishTime="04/05/2013 01:35:46" />
    <file relUrl="Scripts/HTMLEditor/_help/tests/issue014-cg.html" publishTime="04/05/2013 01:35:52" />
    <file relUrl="CMS/1/EmailTemplates/ForgotPasswordEmail.tmpl.htm" publishTime="04/18/2014 14:10:23" />
    <file relUrl="CMS/1/Templates/Menus.tmpl.htm" publishTime="09/17/2014 22:14:40" />
    <file relUrl="Modules/Karobar/Product/NewProduct.aspx" publishTime="10/17/2014 11:14:28" />
    <file relUrl="Modules/Karobar/Transaction/GenericCashVoucherRow.ascx" publishTime="10/17/2014 10:40:58" />
    <file relUrl="images/index_16.jpg" publishTime="06/06/2013 20:29:59" />
    <file relUrl="Scripts/HTMLEditor/_help/lib/plugins/farbtastic/farbtastic.js" publishTime="04/05/2013 01:35:49" />
    <file relUrl="Modules/Karobar/Reports/PurchaseInvoice.aspx" publishTime="10/11/2014 13:13:18" />
    <file relUrl="Scripts/HTMLEditor/GPL-LICENSE.txt" publishTime="04/05/2013 01:35:45" />
    <file relUrl="images/index_05.jpg" publishTime="06/06/2013 20:29:59" />
    <file relUrl="Modules/Karobar/People/Staff.aspx" publishTime="09/26/2014 15:47:15" />
    <file relUrl="Scripts/HTMLEditor/_help/lib/ui/jquery.ui.autocomplete.js" publishTime="04/05/2013 01:35:50" />
    <file relUrl="Scripts/HTMLEditor/_help/lib/jquery.simplemodal.js" publishTime="04/05/2013 01:35:48" />
    <file relUrl="Scripts/JquerySlider/style.css" publishTime="04/25/2014 16:53:05" />
    <file relUrl="images/index_19.jpg" publishTime="06/06/2013 20:29:59" />
    <file relUrl="CMS/1/Templates/Dashboard_-_Most_Purchased_Products.tmpl.htm" publishTime="09/23/2014 19:37:04" />
    <file relUrl="Scripts/HTMLEditor/_help/examples/06-hide-heading-buttons.html" publishTime="04/05/2013 01:35:47" />
    <file relUrl="Scripts/HTMLEditor/_help/lib/ui/jquery.effects.bounce.js" publishTime="04/05/2013 01:35:49" />
    <file relUrl="Scripts/jquery-1.4.1.min.js" publishTime="10/06/2012 19:41:15" />
    <file relUrl="images/img2.jpg" publishTime="12/30/2012 01:15:47" />
    <file relUrl="images/index_25.jpg" publishTime="06/06/2013 20:30:00" />
    <file relUrl="CMS/1/Images/pic_5.jpg" publishTime="06/06/2013 20:30:01" />
    <file relUrl="CMS/Shared/Templates/Notification_AlertRows.tmpl.htm" publishTime="09/22/2014 21:54:39" />
    <file relUrl="CMS/Shared/Templates/Dashboard_-_Sale_Report.tmpl.htm" publishTime="10/15/2014 22:53:31" />
    <file relUrl="images/menu_bg.gif" publishTime="06/06/2013 20:30:01" />
    <file relUrl="Scripts/HTMLEditor/_help/examples/10-custom-controls.html" publishTime="04/05/2013 01:35:48" />
    <file relUrl="images/index_12.jpg" publishTime="06/06/2013 20:29:59" />
    <file relUrl="Admin/Articles/ArticlesManager.ascx" publishTime="07/04/2013 12:24:17" />
    <file relUrl="Modules/Karobar/Reports/AccountPayableReport.ascx" publishTime="09/30/2014 23:03:15" />
    <file relUrl="Admin/ContactUS/WebsiteContactUs.ascx" publishTime="04/08/2014 22:11:30" />
    <file relUrl="images/index_01.jpg" publishTime="06/06/2013 20:29:59" />
    <file relUrl="Admin/Pages/WebsitePagesList.ascx" publishTime="05/23/2014 15:31:17" />
    <file relUrl="Modules/Karobar/Product/ManageProducts.ascx" publishTime="10/09/2014 20:30:49" />
    <file relUrl="Scripts/HTMLEditor/_help/lib/ui/jquery.ui.button.js" publishTime="04/05/2013 01:35:50" />
    <file relUrl="Scripts/HTMLEditor/_help/lib/ui/images/ui-anim_basic_16x16.gif" publishTime="04/05/2013 01:35:49" />
    <file relUrl="Scripts/HTMLEditor/controls/wysiwyg.link.js" publishTime="04/05/2013 01:35:45" />
    <file relUrl="Scripts/HTMLEditor/_help/lib/ui/jquery.effects.scale.js" publishTime="04/05/2013 01:35:50" />
    <file relUrl="Scripts/jquery.extensions.js" publishTime="11/24/2012 02:13:00" />
    <file relUrl="Scripts/HTMLEditor/_help/lib/ui/images/ui-icons_2e83ff_256x240.png" publishTime="04/05/2013 01:35:49" />
    <file relUrl="Admin/Modules/AddNewModule.ascx" publishTime="05/24/2014 13:06:00" />
    <file relUrl="Modules/Karobar/Settings/SettingsProductCatagory.ascx" publishTime="06/26/2014 21:05:14" />
    <file relUrl="CMS/1/Images/pic_1.jpg" publishTime="06/06/2013 20:30:01" />
    <file relUrl="Scripts/HTMLEditor/_help/tests/css/issue014-cg.css" publishTime="04/05/2013 01:35:52" />
    <file relUrl="CMS/Shared/Templates/Footer.tmpl.htm" publishTime="09/24/2014 23:02:43" />
    <file relUrl="Scripts/HTMLEditor/_help/lib/ui/jquery.ui.resizable.css" publishTime="04/05/2013 01:35:51" />
    <file relUrl="Scripts/HTMLEditor/controls/wysiwyg.table.js" publishTime="04/05/2013 01:35:45" />
    <file relUrl="CMS/1/Templates/Dashboard_-_Expenses_Summary.tmpl.htm" publishTime="10/09/2014 22:52:35" />
    <file relUrl="Scripts/HTMLEditor/jquery.wysiwyg.js" publishTime="04/05/2013 17:20:13" />
    <file relUrl="Scripts/HTMLEditor/_help/lib/ui/jquery.ui.droppable.js" publishTime="04/05/2013 01:35:51" />
    <file relUrl="Scripts/HTMLEditor/_help/lib/ui/images/ui-icons_cd0a0a_256x240.png" publishTime="04/05/2013 01:35:49" />
    <file relUrl="Admin/Dashboard/UsersVisitLog.ascx" publishTime="04/21/2014 20:03:59" />
    <file relUrl="Scripts/HTMLEditor/_help/lib/ui/jquery.ui.tabs.css" publishTime="04/05/2013 01:35:51" />
    <file relUrl="images/userpic.gif" publishTime="06/06/2013 20:30:06" />
    <file relUrl="Modules/Karobar/Reports/SaleInvoice.aspx" publishTime="10/11/2014 13:12:43" />
    <file relUrl="Admin/Dashboard/Dashboard.ascx" publishTime="04/21/2014 19:46:39" />
    <file relUrl="WebService/Share.asmx" publishTime="06/08/2013 01:12:11" />
    <file relUrl="Scripts/HTMLEditor/_help/lib/plugins/farbtastic/demo/demo1.html" publishTime="04/05/2013 01:35:48" />
    <file relUrl="Modules/Karobar/People/Customer.aspx" publishTime="06/29/2014 22:45:12" />
    <file relUrl="images/fbg_bg.gif" publishTime="06/06/2013 20:29:58" />
    <file relUrl="Scripts/HTMLEditor/_help/examples/12-writing-plugins.html" publishTime="04/05/2013 01:35:48" />
    <file relUrl="Scripts/HTMLEditor/_help/lib/plugins/farbtastic/LICENSE.txt" publishTime="04/05/2013 01:35:49" />
    <file relUrl="Scripts/HTMLEditor/i18n/lang.ru.js" publishTime="04/05/2013 01:35:46" />
    <file relUrl="images/index_15.jpg" publishTime="06/06/2013 20:29:59" />
    <file relUrl="images/pic_3.jpg" publishTime="06/06/2013 20:30:01" />
    <file relUrl="CMS/1/Templates/Footer.tmpl.htm" publishTime="09/22/2014 20:57:21" />
    <file relUrl="CMS/1/Images/index_29.jpg" publishTime="06/06/2013 20:30:00" />
    <file relUrl="CMS/Shared/Templates/Dashboard_-_Accounts_Summary.tmpl.htm" publishTime="10/15/2014 22:52:31" />
    <file relUrl="WebService/Common.asmx" publishTime="12/30/2012 00:24:26" />
    <file relUrl="CMS/1/Images/index_27.jpg" publishTime="06/06/2013 20:30:00" />
    <file relUrl="Modules/Karobar/Product/GenericPurchaseProductRow.ascx" publishTime="10/17/2014 11:05:12" />
    <file relUrl="Modules/Karobar/Product/SaleProduct.aspx" publishTime="10/17/2014 11:13:13" />
    <file relUrl="Admin/Modules/ModulesManager.ascx" publishTime="05/13/2013 00:00:55" />
    <file relUrl="Modules/Karobar/Transaction/BankVoucher.aspx" publishTime="09/26/2014 22:56:33" />
    <file relUrl="Scripts/HTMLEditor/_help/lib/ui/jquery.effects.shake.js" publishTime="04/05/2013 01:35:50" />
    <file relUrl="Modules/Karobar/Reports/StockReport.ascx" publishTime="10/01/2014 20:26:58" />
    <file relUrl="Scripts/HTMLEditor/_help/examples/04-resizable.html" publishTime="04/05/2013 01:35:47" />
    <file relUrl="Admin/Articles/UpdateArticles.ascx" publishTime="04/08/2014 22:11:13" />
    <file relUrl="images/Calendar/right_over.gif" publishTime="06/14/2014 23:10:47" />
    <file relUrl="Admin/Dashboard/UserStatistics.ascx" publishTime="04/07/2014 22:09:59" />
    <file relUrl="Modules/Scripts/Product.js" publishTime="07/20/2014 23:30:53" />
    <file relUrl="Admin/SharedData/SharedDataList.ascx" publishTime="08/03/2013 18:32:02" />
    <file relUrl="Scripts/HTMLEditor/i18n/lang.cs.js" publishTime="04/05/2013 01:35:45" />
    <file relUrl="CMS/1/Styles/WelcomeMenustyle.css" publishTime="09/16/2014 22:11:09" />
    <file relUrl="CMS/1/Images/AwaintingImage.png" publishTime="04/08/2014 23:23:27" />
    <file relUrl="Scripts/HTMLEditor/_help/lib/ui/jquery.effects.slide.js" publishTime="04/05/2013 01:35:50" />
    <file relUrl="Scripts/HTMLEditor/_help/lib/ui/images/ui-bg_flat_0_aaaaaa_40x100.png" publishTime="04/05/2013 01:35:49" />
    <file relUrl="Admin/Users/UpdateUser.ascx" publishTime="04/08/2014 22:16:17" />
    <file relUrl="Scripts/HTMLEditor/_help/examples/03-ajax.html" publishTime="04/05/2013 01:35:47" />
    <file relUrl="Admin/Emails/WebsiteEmailsQueue.ascx" publishTime="04/23/2014 20:41:07" />
    <file relUrl="images/footer_bg.gif" publishTime="06/06/2013 20:29:58" />
    <file relUrl="Scripts/HTMLEditor/_help/lib/ui/jquery.effects.pulsate.js" publishTime="04/05/2013 01:35:50" />
    <file relUrl="CMS/Shared/Templates/Dashboard_-_Expenses_Summary.tmpl.htm" publishTime="10/15/2014 22:52:43" />
    <file relUrl="Scripts/HTMLEditor/_help/examples/02-full.html" publishTime="04/05/2013 01:35:47" />
    <file relUrl="Modules/Karobar/Banks/NewBank.aspx" publishTime="06/29/2014 22:03:48" />
    <file relUrl="CMS/1/Images/menu_bg.gif" publishTime="06/06/2013 20:30:01" />
    <file relUrl="Scripts/HTMLEditor/_help/lib/ui/jquery.ui.resizable.js" publishTime="04/05/2013 01:35:51" />
    <file relUrl="Scripts/HTMLEditor/_help/tests/issue 29.html" publishTime="04/05/2013 01:35:52" />
    <file relUrl="Modules/Karobar/Transaction/CashVoucher.aspx" publishTime="09/26/2014 22:56:42" />
    <file relUrl="Modules/Karobar/Product/NewProductCategory.aspx" publishTime="06/29/2014 22:03:48" />
    <file relUrl="Admin/Modules/AddExistingModule.ascx" publishTime="04/08/2014 22:13:00" />
    <file relUrl="Scripts/HTMLEditor/_help/lib/ui/jquery.ui.widget.js" publishTime="04/05/2013 01:35:51" />
    <file relUrl="Admin/Articles/AddArticles.ascx" publishTime="04/08/2014 22:10:46" />
    <file relUrl="CMS/1/Images/index_39.jpg" publishTime="06/06/2013 20:30:01" />
    <file relUrl="Scripts/HTMLEditor/_help/lib/ui/jquery.ui.core.js" publishTime="04/05/2013 01:35:50" />
    <file relUrl="images/images_2.jpg" publishTime="06/06/2013 20:29:58" />
    <file relUrl="images/index_22.jpg" publishTime="06/06/2013 20:30:00" />
    <file relUrl="Scripts/HTMLEditor/_help/docs/scheme.png" publishTime="04/05/2013 01:35:47" />
    <file relUrl="CMS/1/Styles/Site.css" publishTime="10/17/2014 17:59:28" />
    <file relUrl="Global.asax" publishTime="10/06/2012 19:41:15" />
    <file relUrl="CMS/Shared/Templates/Header_Module.tmpl.htm" publishTime="05/25/2014 16:31:58" />
    <file relUrl="CMS/1/Images/img2.jpg" publishTime="12/30/2012 01:15:47" />
    <file relUrl="Scripts/HTMLEditor/_help/lib/ui/images/ui-bg_glass_75_dadada_1x400.png" publishTime="04/05/2013 01:35:49" />
    <file relUrl="CMS/1/Images/header_bg.gif" publishTime="06/06/2013 20:29:58" />
    <file relUrl="CMS/Shared/Templates/Menus.tmpl.htm" publishTime="09/17/2014 22:14:40" />
    <file relUrl="images/index_23.jpg" publishTime="06/06/2013 20:30:00" />
    <file relUrl="Modules/Karobar/People/Vendor.aspx" publishTime="06/29/2014 22:53:42" />
    <file relUrl="Scripts/HTMLEditor/_help/tests/issue016.html" publishTime="04/05/2013 01:35:52" />
    <file relUrl="Scripts/HTMLEditor/_help/lib/ui/jquery.ui.slider.css" publishTime="04/05/2013 01:35:51" />
    <file relUrl="Admin/FileManager/FileManager.ascx" publishTime="04/17/2014 23:00:14" />
    <file relUrl="Scripts/Templates.js" publishTime="09/18/2014 17:38:49" />
    <file relUrl="CMS/1/Templates/Dashboard_-_Accounts_Summary.tmpl.htm" publishTime="09/27/2014 12:24:02" />
    <file relUrl="Scripts/HTMLEditor/_help/lib/plugins/farbtastic/README.html" publishTime="04/05/2013 01:35:49" />
    <file relUrl="Scripts/HTMLEditor/jquery.wysiwyg.modal.css" publishTime="04/05/2013 01:35:46" />
    <file relUrl="WebService/Person.asmx" publishTime="12/30/2012 00:18:16" />
    <file relUrl="Modules/Scripts/COA.js" publishTime="10/10/2014 10:37:17" />
    <file relUrl="Modules/Scripts/User.js" publishTime="09/10/2014 22:56:49" />
    <file relUrl="Admin/WebsiteSettings/AddWebsiteSettings.ascx" publishTime="05/23/2014 17:04:22" />
    <file relUrl="Modules/Karobar/Reports/AccountActivityReport.ascx" publishTime="10/05/2014 17:50:15" />
    <file relUrl="images/image.jpg" publishTime="12/30/2012 01:15:47" />
    <file relUrl="Admin/Admin.aspx" publishTime="05/19/2013 01:06:24" />
    <file relUrl="Modules/Karobar/Settings/ProfileSettings.aspx" publishTime="10/05/2014 21:22:11" />
    <file relUrl="Scripts/HTMLEditor/_help/lib/ui/jquery.ui.base.css" publishTime="04/05/2013 01:35:50" />
    <file relUrl="Scripts/HTMLEditor/_help/lib/ui/images/ui-bg_glass_95_fef1ec_1x400.png" publishTime="04/05/2013 01:35:49" />
    <file relUrl="images/white.jpg" publishTime="12/30/2012 01:15:47" />
    <file relUrl="images/pic_1.jpg" publishTime="06/06/2013 20:30:01" />
    <file relUrl="bin/DAL.dll" publishTime="10/17/2014 22:37:39" />
    <file relUrl="CMS/1/Js/dhtmlgoodies_calendar.js" publishTime="07/12/2014 00:05:46" />
    <file relUrl="images/index_39.jpg" publishTime="06/06/2013 20:30:01" />
    <file relUrl="Scripts/HTMLEditor/_help/lib/ui/jquery.ui.dialog.css" publishTime="04/05/2013 01:35:50" />
    <file relUrl="Modules/Karobar/Reports/BankBalanceReport.ascx" publishTime="09/30/2014 23:16:38" />
    <file relUrl="images/pic_4.jpg" publishTime="06/06/2013 20:30:01" />
    <file relUrl="images/index_06.jpg" publishTime="06/06/2013 20:29:59" />
    <file relUrl="Modules/Karobar/Shared/Header.ascx" publishTime="09/24/2014 23:10:51" />
    <file relUrl="Admin/Layout/WebsiteLayoutsList.ascx" publishTime="04/08/2014 22:10:26" />
    <file relUrl="Scripts/HTMLEditor/_help/tests/issue005.html" publishTime="04/05/2013 01:35:52" />
    <file relUrl="CMS/Shared/Templates/Dashboard_-_Appointments_Reminders.tmpl.htm" publishTime="08/14/2014 15:29:31" />
    <file relUrl="Scripts/HTMLEditor/_help/lib/ui/jquery.effects.highlight.js" publishTime="04/05/2013 01:35:50" />
    <file relUrl="CMS/1/Images/index_01.jpg" publishTime="06/06/2013 20:29:59" />
    <file relUrl="images/Calendar/down.gif" publishTime="06/14/2014 23:10:47" />
    <file relUrl="CMS/1/Templates/Dashboard_-_Most_Sold_Products.tmpl.htm" publishTime="09/23/2014 19:37:14" />
    <file relUrl="Scripts/HTMLEditor/i18n/lang.sl.js" publishTime="04/05/2013 01:35:46" />
    <file relUrl="CMS/1/Images/pic_6.jpg" publishTime="06/06/2013 20:30:01" />
    <file relUrl="Modules/Karobar/Business/NewBusiness.aspx" publishTime="10/17/2014 18:04:00" />
    <file relUrl="Scripts/HTMLEditor/_help/lib/plugins/autoload/jquery.autoload.js" publishTime="04/05/2013 01:35:48" />
    <file relUrl="Admin/Emails/WebsiteEmailsManager.ascx" publishTime="09/21/2013 11:21:13" />
    <file relUrl="Scripts/HTMLEditor/controls/wysiwyg.image.js" publishTime="04/05/2013 01:35:45" />
    <file relUrl="CMS/1/Images/index_04.jpg" publishTime="06/06/2013 20:29:59" />
    <file relUrl="bin/CMS.dll" publishTime="10/17/2014 22:37:42" />
    <file relUrl="CMS/1/Images/img1.jpg" publishTime="12/30/2012 01:15:47" />
    <file relUrl="Admin/ContactUS/WebsiteContactUsManager.ascx" publishTime="03/26/2014 22:59:05" />
    <file relUrl="Scripts/HTMLEditor/_help/lib/jquery.simplemodal.css" publishTime="04/05/2013 01:35:48" />
    <file relUrl="images/index_02.jpg" publishTime="06/06/2013 20:29:59" />
    <file relUrl="CMS/1/Images/index_30.jpg" publishTime="06/06/2013 20:30:00" />
    <file relUrl="Scripts/HTMLEditor/_help/lib/jquery-1.5.min.js" publishTime="04/05/2013 01:35:48" />
    <file relUrl="Scripts/HTMLEditor/_help/lib/ui/jquery.ui.position.js" publishTime="04/05/2013 01:35:51" />
    <file relUrl="Scripts/HTMLEditor/i18n/lang.es.js" publishTime="04/05/2013 01:35:45" />
    <file relUrl="Scripts/HTMLEditor/i18n/lang.se.js" publishTime="04/05/2013 01:35:46" />
    <file relUrl="CMS/1/Images/index_23.jpg" publishTime="06/06/2013 20:30:00" />
    <file relUrl="Admin/WebsiteSettings/WebsiteSettingsList.ascx" publishTime="04/08/2014 22:15:59" />
    <file relUrl="CMS/1/Images/index_05.jpg" publishTime="06/06/2013 20:29:59" />
    <file relUrl="Scripts/player.swf" publishTime="01/19/2013 18:32:11" />
    <file relUrl="CMS/1/Images/pic_2.jpg" publishTime="06/06/2013 20:30:01" />
    <file relUrl="CMS/Shared/Templates/Dashboard_-_Most_Sold_Products.tmpl.htm" publishTime="10/15/2014 22:53:03" />
    <file relUrl="Admin/Statistics/WebsiteStatisticManager.ascx" publishTime="09/21/2013 11:36:08" />
    <file relUrl="images/index_14.jpg" publishTime="06/06/2013 20:29:59" />
    <file relUrl="Scripts/HTMLEditor/_help/lib/ui/jquery.ui.core.css" publishTime="04/05/2013 01:35:50" />
    <file relUrl="Scripts/HTMLEditor/_help/lib/ui/jquery.ui.draggable.js" publishTime="04/05/2013 01:35:51" />
    <file relUrl="UserLogin.aspx" publishTime="10/17/2014 17:08:28" />
    <file relUrl="Admin/Users/WebsiteUsersList.ascx" publishTime="04/08/2014 22:16:29" />
    <file relUrl="Modules/Scripts/General.js" publishTime="10/09/2014 20:55:16" />
    <file relUrl="Modules/Karobar/Reports/AccountReceiveableReport.ascx" publishTime="10/11/2014 12:41:05" />
    <file relUrl="Scripts/HTMLEditor/_help/lib/ui/jquery.ui.dialog.js" publishTime="04/05/2013 01:35:51" />
    <file relUrl="Scripts/HTMLEditor/_help/lib/plugins/farbtastic/demo/demo2.html" publishTime="04/05/2013 01:35:49" />
    <file relUrl="Admin/Log/WebsiteLogManager.ascx" publishTime="05/29/2013 23:44:51" />
    <file relUrl="Default.aspx" publishTime="06/26/2014 20:52:28" />
    <file relUrl="Scripts/HTMLEditor/_help/examples/11-plugins.html" publishTime="04/05/2013 01:35:48" />
    <file relUrl="Admin/Articles/ArticlesList.ascx" publishTime="04/08/2014 22:20:26" />
    <file relUrl="Admin/Statistics/WebsiteStatistics.ascx" publishTime="04/08/2014 22:16:46" />
    <file relUrl="images/index_08.jpg" publishTime="06/06/2013 20:29:59" />
    <file relUrl="Modules/Karobar/Settings/ReportBug.aspx" publishTime="09/23/2014 23:04:17" />
    <file relUrl="CMS/1/Images/image.jpg" publishTime="12/30/2012 01:15:47" />
    <file relUrl="CMS/Shared/Templates/Notification_Alert_Module.tmpl.htm" publishTime="10/15/2014 22:53:46" />
    <file relUrl="Modules/Control/GenericDropDown.ascx" publishTime="07/13/2014 17:47:54" />
    <file relUrl="images/index_38.jpg" publishTime="06/06/2013 20:30:01" />
    <file relUrl="images/index_30.jpg" publishTime="06/06/2013 20:30:00" />
    <file relUrl="Scripts/HTMLEditor/jquery.wysiwyg.jpg" publishTime="04/05/2013 01:35:46" />
    <file relUrl="Admin/Layout/LayoutManager.ascx" publishTime="04/13/2013 17:01:17" />
    <file relUrl="CMS/1/Images/index_08.jpg" publishTime="06/06/2013 20:29:59" />
    <file relUrl="images/index_31.jpg" publishTime="06/06/2013 20:30:00" />
    <file relUrl="Scripts/HTMLEditor/_help/lib/ui/images/ui-bg_glass_55_fbf9ee_1x400.png" publishTime="04/05/2013 01:35:49" />
    <file relUrl="CMS/1/Templates/Notification_AlertRows.tmpl.htm" publishTime="09/22/2014 21:54:39" />
    <file relUrl="images/index_27.jpg" publishTime="06/06/2013 20:30:00" />
    <file relUrl="Modules/Karobar/Reports/AccountsBalanceReport.ascx" publishTime="10/05/2014 21:11:22" />
    <file relUrl="Scripts/HTMLEditor/controls/wysiwyg.colorpicker.js" publishTime="04/05/2013 01:35:45" />
    <file relUrl="Modules/ModuleContent.ascx" publishTime="05/29/2013 00:34:25" />
    <file relUrl="CMS/1/Images/index_09.jpg" publishTime="06/06/2013 20:29:59" />
    <file relUrl="Admin/Users/WebsiteUsersManager.ascx" publishTime="06/01/2013 12:32:47" />
    <file relUrl="Scripts/HTMLEditor/_help/examples/jw_ajax.html" publishTime="04/05/2013 01:35:48" />
    <file relUrl="Admin/Layout/AddNewLayout.ascx" publishTime="04/08/2014 22:09:39" />
    <file relUrl="CMS/1/Images/submit.gif" publishTime="06/06/2013 20:30:05" />
    <file relUrl="Modules/Karobar/People/ManagePeople.ascx" publishTime="10/09/2014 20:28:30" />
    <file relUrl="images/IBT.mp4" publishTime="03/31/2014 19:19:46" />
    <file relUrl="Modules/Karobar/Admin/SystemLog.ascx" publishTime="09/26/2014 23:18:14" />
    <file relUrl="images/search.gif" publishTime="06/06/2013 20:30:01" />
    <file relUrl="CMS/1/Images/search.gif" publishTime="06/06/2013 20:30:01" />
    <file relUrl="CMS/1/Images/index_38.jpg" publishTime="06/06/2013 20:30:01" />
    <file relUrl="Admin/Polling/UpdatePolling.ascx" publishTime="04/11/2014 14:57:13" />
    <file relUrl="images/pic_5.jpg" publishTime="06/06/2013 20:30:01" />
    <file relUrl="Scripts/HTMLEditor/_help/lib/ui/jquery.effects.transfer.js" publishTime="04/05/2013 01:35:50" />
    <file relUrl="Scripts/HTMLEditor/_help/lib/ui/jquery.ui.progressbar.js" publishTime="04/05/2013 01:35:51" />
    <file relUrl="Scripts/jsRender.js" publishTime="11/24/2012 02:13:00" />
    <file relUrl="images/index_04.jpg" publishTime="06/06/2013 20:29:59" />
    <file relUrl="CMS/1/Images/index_37.jpg" publishTime="06/06/2013 20:30:01" />
    <file relUrl="CMS/1/Images/index_12.jpg" publishTime="06/06/2013 20:29:59" />
    <file relUrl="Modules/Generic.ascx" publishTime="09/23/2014 21:39:48" />
    <file relUrl="Scripts/HTMLEditor/_help/lib/plugins/farbtastic/images/wheel.png" publishTime="04/05/2013 01:35:49" />
    <file relUrl="Modules/Image.aspx" publishTime="12/11/2012 00:13:49" />
    <file relUrl="CMS/1/Styles/cal_css.css" publishTime="07/11/2014 23:53:24" />
    <file relUrl="CMS/1/Images/pic_4.jpg" publishTime="06/06/2013 20:30:01" />
    <file relUrl="Scripts/HTMLEditor/_help/lib/ui/jquery.ui.mouse.js" publishTime="04/05/2013 01:35:51" />
    <file relUrl="Admin/Pages/PagesManager.ascx" publishTime="05/11/2013 15:17:28" />
    <file relUrl="Scripts/HTMLEditor/_help/lib/ui/jquery.ui.slider.js" publishTime="04/05/2013 01:35:51" />
    <file relUrl="CMS/1/Images/fbg_bg.gif" publishTime="06/06/2013 20:29:58" />
    <file relUrl="Scripts/HTMLEditor/_help/examples/01-basic.html" publishTime="04/05/2013 01:35:47" />
    <file relUrl="Scripts/HTMLEditor/_help/lib/ui/images/ui-bg_highlight-soft_75_cccccc_1x100.png" publishTime="04/05/2013 01:35:49" />
    <file relUrl="Modules/Scripts/Polling.js" publishTime="04/18/2014 15:16:24" />
    <file relUrl="Modules/Karobar/COA/COA.aspx" publishTime="06/29/2014 22:03:48" />
    <file relUrl="CMS/Shared/Templates/Header_Welcome_Module.tmpl.htm" publishTime="09/26/2014 13:42:46" />
    <file relUrl="CMS/1/Images/index_16.jpg" publishTime="06/06/2013 20:29:59" />
    <file relUrl="MasterPage.Master" publishTime="10/17/2014 18:02:09" />
    <file relUrl="Modules/Karobar/COA/ManageCOA.ascx" publishTime="10/17/2014 11:16:08" />
    <file relUrl="CMS/1/Images/index_17.jpg" publishTime="06/06/2013 20:29:59" />
    <file relUrl="images/index_42.jpg" publishTime="06/06/2013 20:30:01" />
    <file relUrl="Scripts/HTMLEditor/_help/lib/plugins/farbtastic/css/farbtastic.css" publishTime="04/05/2013 01:35:48" />
    <file relUrl="Scripts/HTMLEditor/_help/lib/ui/images/ui-bg_glass_75_e6e6e6_1x400.png" publishTime="04/05/2013 01:35:49" />
    <file relUrl="Scripts/HTMLEditor/plugins/wysiwyg.i18n.js" publishTime="04/05/2013 01:35:46" />
    <file relUrl="CMS/1/Templates/Notification_Alert_Module.tmpl.htm" publishTime="09/23/2014 19:55:26" />
    <file relUrl="bin/CMS.pdb" publishTime="10/17/2014 22:37:42" />
    <file relUrl="Scripts/HTMLEditor/plugins/wysiwyg.autoload.js" publishTime="04/05/2013 01:35:46" />
    <file relUrl="Scripts/HTMLEditor/_help/lib/ui/images/ui-bg_flat_75_ffffff_40x100.png" publishTime="04/05/2013 01:35:49" />
    <file relUrl="Admin/Polling/AddPolling.ascx" publishTime="04/08/2014 22:14:51" />
    <file relUrl="Modules/Karobar/Transaction/PaymentReceived.aspx" publishTime="10/17/2014 10:36:45" />
    <file relUrl="bin/DAL.pdb" publishTime="10/17/2014 22:37:39" />
    <file relUrl="images/index_36.jpg" publishTime="06/06/2013 20:30:01" />
    <file relUrl="Modules/Karobar/Business/Business.ascx" publishTime="09/22/2014 21:12:25" />
    <file relUrl="Scripts/HTMLEditor/_help/examples/08-auto-grow.html" publishTime="04/05/2013 01:35:47" />
    <file relUrl="CMS/1/Images/views.png" publishTime="03/27/2014 15:55:36" />
    <file relUrl="images/index_37.jpg" publishTime="06/06/2013 20:30:01" />
    <file relUrl="Scripts/jsviews.js" publishTime="03/15/2014 15:37:52" />
    <file relUrl="Admin/Guest.Master" publishTime="03/22/2014 14:40:05" />
    <file relUrl="Modules/Karobar/Reports/PurchaseReport.ascx" publishTime="09/27/2014 23:11:38" />
    <file relUrl="Scripts/HTMLEditor/_help/lib/ui/jquery.effects.fold.js" publishTime="04/05/2013 01:35:50" />
    <file relUrl="Error.aspx" publishTime="10/12/2014 22:09:48" />
    <file relUrl="CMS/1/Images/spacer.gif" publishTime="06/06/2013 20:30:04" />
    <file relUrl="Scripts/HTMLEditor/_help/lib/ui/jquery.ui.tabs.js" publishTime="04/05/2013 01:35:51" />
    <file relUrl="Modules/Karobar/Reports/LedgerReport.ascx" publishTime="10/10/2014 22:13:06" />
    <file relUrl="Scripts/HTMLEditor/_help/lib/ui/jquery.ui.all.css" publishTime="04/05/2013 01:35:50" />
    <file relUrl="CMS/1/Images/menu_hover.gif" publishTime="06/06/2013 20:30:01" />
    <file relUrl="Scripts/HTMLEditor/_help/lib/ui/images/ui-icons_888888_256x240.png" publishTime="04/05/2013 01:35:49" />
    <file relUrl="Scripts/HTMLEditor/_help/tests/issue 26.html" publishTime="04/05/2013 01:35:52" />
    <file relUrl="images/Calendar/right.gif" publishTime="06/14/2014 23:10:47" />
    <file relUrl="Modules/Karobar/Reports/SaleReport.ascx" publishTime="09/28/2014 20:34:14" />
    <file relUrl="Scripts/HTMLEditor/_help/examples/index.html" publishTime="04/05/2013 01:35:48" />
    <file relUrl="images/submit.gif" publishTime="06/06/2013 20:30:05" />
    <file relUrl="CMS/1/Images/images_1.jpg" publishTime="06/06/2013 20:29:58" />
    <file relUrl="CMS/1/Upload/jobslogo.jpg" publishTime="04/24/2014 16:29:35" />
    <file relUrl="Admin/AdminMaster.Master" publishTime="04/23/2014 20:14:29" />
    <file relUrl="images/header_bg.gif" publishTime="06/06/2013 20:29:58" />
    <file relUrl="Scripts/HTMLEditor/_help/lib/ui/jquery.effects.drop.js" publishTime="04/05/2013 01:35:49" />
    <file relUrl="WebService/Menus.asmx" publishTime="05/22/2014 12:54:30" />
    <file relUrl="Scripts/jwplayer.js" publishTime="01/19/2013 18:26:42" />
    <file relUrl="Admin/WebsiteSettings/WebsiteSettingsManager.ascx" publishTime="05/25/2013 22:56:12" />
    <file relUrl="images/Calendar/down_over.gif" publishTime="06/14/2014 23:10:47" />
    <file relUrl="CMS/1/EmailTemplates/WelcomeEmail.tmpl.htm" publishTime="04/18/2014 14:39:35" />
    <file relUrl="CMS/1/Images/white.jpg" publishTime="12/30/2012 01:15:47" />
    <file relUrl="CMS/1/Images/pic_3.jpg" publishTime="06/06/2013 20:30:01" />
    <file relUrl="Admin/SharedData/SharedDataManager.ascx" publishTime="08/03/2013 16:25:24" />
    <file relUrl="Modules/Karobar/Product/ExchangeProduct.aspx" publishTime="10/17/2014 11:13:52" />
    <file relUrl="CMS/1/Images/index_20.jpg" publishTime="06/06/2013 20:30:00" />
    <file relUrl="Scripts/HTMLEditor/_help/lib/ui/jquery.ui.progressbar.css" publishTime="04/05/2013 01:35:51" />
    <file relUrl="CMS/1/Images/facebookshare.gif" publishTime="03/27/2014 15:45:27" />
    <file relUrl="Scripts/HTMLEditor/_help/examples/05-ui-dialogs.html" publishTime="04/05/2013 01:35:47" />
    <file relUrl="images/menu_line.gif" publishTime="06/06/2013 20:30:01" />
    <file relUrl="Admin/Dashboard/MostVisitedURL.ascx" publishTime="03/10/2014 18:46:30" />
    <file relUrl="CMS/1/Templates/Dashboard_-_Appointments_Reminders.tmpl.htm" publishTime="08/14/2014 15:29:31" />
    <file relUrl="Modules/Karobar/Settings/KarobarSettings.aspx" publishTime="10/05/2014 21:16:51" />
    <file relUrl="CMS/1/Images/index_31.jpg" publishTime="06/06/2013 20:30:00" />
    <file relUrl="CMS/Shared/Templates/Dashboard_-_Most_Purchased_Products.tmpl.htm" publishTime="10/15/2014 22:52:52" />
    <file relUrl="CMS/1/Images/index_25.jpg" publishTime="06/06/2013 20:30:00" />
    <file relUrl="images/Calendar/left_over.gif" publishTime="06/14/2014 23:10:47" />
    <file relUrl="Modules/Karobar/Business/ManageBusinessses.ascx" publishTime="10/03/2014 13:27:52" />
    <file relUrl="images/index_32.jpg" publishTime="06/06/2013 20:30:01" />
    <file relUrl="images/arrow.png" publishTime="06/07/2014 12:37:22" />
    <file relUrl="CMS/Shared/Templates/Dashboard_-_Purchase_Report.tmpl.htm" publishTime="10/15/2014 22:53:17" />
    <file relUrl="Scripts/HTMLEditor/_help/lib/ui/jquery.effects.clip.js" publishTime="04/05/2013 01:35:49" />
    <file relUrl="images/Calendar/close_over.gif" publishTime="06/14/2014 23:10:47" />
    <file relUrl="WebsiteLayout.aspx" publishTime="09/12/2014 14:38:46" />
    <file relUrl="Admin/Log/WebsiteLogList.ascx" publishTime="09/06/2014 22:17:44" />
    <file relUrl="Scripts/HTMLEditor/jquery.wysiwyg.css" publishTime="04/05/2013 01:35:46" />
    <file relUrl="images/index_17.jpg" publishTime="06/06/2013 20:29:59" />
    <file relUrl="Scripts/HTMLEditor/_help/lib/plugins/farbtastic/images/mask.png" publishTime="04/05/2013 01:35:49" />
    <file relUrl="Admin/Log/UserSubscription.ascx" publishTime="04/23/2014 20:20:09" />
    <file relUrl="Scripts/HTMLEditor/_help/lib/ui/jquery.ui.datepicker.css" publishTime="04/05/2013 01:35:50" />
    <file relUrl="Scripts/HTMLEditor/_help/lib/ui/jquery.ui.sortable.js" publishTime="04/05/2013 01:35:51" />
    <file relUrl="GuestUser.Master" publishTime="10/17/2014 17:05:31" />
    <file relUrl="CMS/1/Templates/Header_Module.tmpl.htm" publishTime="05/25/2014 16:31:58" />
    <file relUrl="bin/CMS.xml" publishTime="10/17/2014 22:37:42" />
    <file relUrl="Scripts/jquery-1.4.1.js" publishTime="10/06/2012 19:41:15" />
    <file relUrl="Admin/Emails/WebsiteEmails.ascx" publishTime="04/08/2014 22:12:10" />
    <file relUrl="Modules/Karobar/Reports/YearlyConsolidatedReport.ascx" publishTime="10/11/2014 22:07:39" />
    <file relUrl="CMS/1/Images/index_32.jpg" publishTime="06/06/2013 20:30:01" />
    <file relUrl="CMS/1/Images/index_42.jpg" publishTime="06/06/2013 20:30:01" />
    <file relUrl="CMS/1/Images/index_14.jpg" publishTime="06/06/2013 20:29:59" />
    <file relUrl="Scripts/HTMLEditor/_help/lib/ui/jquery.effects.core.js" publishTime="04/05/2013 01:35:49" />
    <file relUrl="Scripts/HTMLEditor/plugins/wysiwyg.rmFormat.js" publishTime="04/05/2013 01:35:46" />
    <file relUrl="Scripts/HTMLEditor/_help/lib/plugins/farbtastic/CHANGELOG.html" publishTime="04/05/2013 01:35:48" />
    <file relUrl="CMS/1/Images/index_15.jpg" publishTime="06/06/2013 20:29:59" />
    <file relUrl="Admin/WebsiteSettings/UpdateWebsiteSettings.ascx" publishTime="05/23/2014 17:04:31" />
    <file relUrl="bin/DAL.xml" publishTime="10/17/2014 22:37:39" />
    <file relUrl="Admin/Pages/AddNewPage.ascx" publishTime="09/17/2014 22:36:50" />
    <file relUrl="Modules/Karobar/Transaction/ManageTransactions.ascx" publishTime="10/16/2014 22:50:22" />
    <file relUrl="Scripts/jquery-1.7.1.js" publishTime="11/24/2012 02:13:00" />
    <file relUrl="CMS/Shared/Templates/Dashboard_-_Recent_Logs.tmpl.htm" publishTime="10/15/2014 22:53:23" />
    <file relUrl="Modules/Karobar/Product/FBShareProduct.aspx" publishTime="10/04/2014 23:26:51" />
    <file relUrl="Modules/Karobar/Banks/NewBankAccount.aspx" publishTime="06/29/2014 22:03:48" />
    <file relUrl="WebService/Poll.asmx" publishTime="11/02/2013 00:08:31" />
    <file relUrl="Scripts/HTMLEditor/_help/examples/07-enable-rtl.html" publishTime="04/05/2013 01:35:47" />
    <file relUrl="images/jobslogo.jpg" publishTime="04/24/2014 16:29:12" />
    <file relUrl="Scripts/HTMLEditor/i18n/lang.it.js" publishTime="04/05/2013 01:35:46" />
    <file relUrl="Admin/Pages/UpdatePage.ascx" publishTime="09/17/2014 22:36:14" />
    <file relUrl="Modules/ContentEditor.ascx" publishTime="09/21/2013 11:27:35" />
    <file relUrl="CMS/1/Images/index_36.jpg" publishTime="06/06/2013 20:30:01" />
    <file relUrl="Scripts/HTMLEditor/_help/lib/ui/images/ui-icons_454545_256x240.png" publishTime="04/05/2013 01:35:49" />
    <file relUrl="CMS/1/Templates/Dashboard_-_Purchase_Report.tmpl.htm" publishTime="09/21/2014 16:27:56" />
    <file relUrl="Modules/Karobar/Reports/ExpenseReport.ascx" publishTime="10/10/2014 14:15:41" />
    <file relUrl="Scripts/HTMLEditor/jquery.wysiwyg.gif" publishTime="04/05/2013 01:35:46" />
    <file relUrl="Web.config" publishTime="10/15/2014 18:57:29" />
    <file relUrl="Admin/Polling/PollingList.ascx" publishTime="04/08/2014 22:15:02" />
    <file relUrl="Scripts/HTMLEditor/_help/lib/ui/images/ui-bg_glass_65_ffffff_1x400.png" publishTime="04/05/2013 01:35:49" />
    <file relUrl="images/Calendar/close.gif" publishTime="06/14/2014 23:10:47" />
    <file relUrl="Scripts/jquery-ui-1.8.17.custom.min.js" publishTime="11/24/2012 02:13:00" />
    <file relUrl="Scripts/HTMLEditor/_help/lib/plugins/farbtastic/images/marker.png" publishTime="04/05/2013 01:35:49" />
    <file relUrl="Modules/Scripts/Articles.js" publishTime="09/23/2014 19:28:56" />
    <file relUrl="Scripts/HTMLEditor/_help/lib/ui/jquery.ui.selectable.js" publishTime="04/05/2013 01:35:51" />
    <file relUrl="Scripts/HTMLEditor/MIT-LICENSE.txt" publishTime="04/05/2013 01:35:46" />
    <file relUrl="Admin/Layout/UpdateLayout.ascx" publishTime="04/14/2014 20:20:23" />
    <file relUrl="Scripts/HTMLEditor/i18n/lang.pt_br.js" publishTime="04/05/2013 01:35:46" />
    <file relUrl="Modules/Karobar/Banks/ManageBanks.ascx" publishTime="10/05/2014 15:11:03" />
    <file relUrl="Scripts/JquerySlider/scripts.js" publishTime="03/28/2014 18:42:32" />
    <file relUrl="Modules/Karobar/Product/GenericExchangeProductRow.ascx" publishTime="10/17/2014 11:03:56" />
    <file relUrl="CMS/1/Templates/Header_Welcome_Module.tmpl.htm" publishTime="09/16/2014 21:43:19" />
    <file relUrl="Scripts/HTMLEditor/_help/lib/ui/images/ui-icons_222222_256x240.png" publishTime="04/05/2013 01:35:49" />
    <file relUrl="Scripts/HTMLEditor/i18n/lang.ja.js" publishTime="04/05/2013 01:35:46" />
    <file relUrl="Scripts/HTMLEditor/_help/lib/ui/jquery.ui.accordion.js" publishTime="04/05/2013 01:35:50" />
    <file relUrl="Scripts/jquery-1.4.1-vsdoc.js" publishTime="10/06/2012 19:41:15" />
    <file relUrl="CMS/1/Images/images_2.jpg" publishTime="06/06/2013 20:29:58" />
    <file relUrl="Scripts/HTMLEditor/_help/test.aspx" publishTime="04/05/2013 17:08:05" />
    <file relUrl="images/img1.jpg" publishTime="12/30/2012 01:15:47" />
    <file relUrl="Admin/Modules/WebsiteModulesList.ascx" publishTime="05/23/2014 16:22:54" />
    <file relUrl="Modules/Scripts/Menu.js" publishTime="09/17/2014 22:15:34" />
    <file relUrl="CMS/1/Images/menu_line.gif" publishTime="06/06/2013 20:30:01" />
    <file relUrl="Admin/Modules/UpdateModule.ascx" publishTime="05/24/2014 13:07:59" />
    <file relUrl="CMS/1/Templates/Dashboard_-_Recent_Logs.tmpl.htm" publishTime="09/27/2014 22:10:37" />
    <file relUrl="Scripts/HTMLEditor/_help/lib/ui/jquery.effects.blind.js" publishTime="04/05/2013 01:35:49" />
    <file relUrl="Scripts/HTMLEditor/_help/lib/ui/jquery.effects.explode.js" publishTime="04/05/2013 01:35:49" />
    <file relUrl="Scripts/json2.js" publishTime="11/24/2012 02:13:00" />
  </publishProfile>
</publishData>